bbc_a_1,BBC A01
bbc_a_2,BBC A02
bbc_a_3,BBC A03
bbc_a_4,BBC A04
bbc_a_5,BBC A05
bbc_a_6,BBC A06
bbc_a_7,BBC A07
bbc_a_8,BBC A08
bbc_a_9,BBC A09
bbc_a_10,BBC A10
bbc_a_11,BBC A11
bbc_a_12,BBC A12
bbc_a_13,BBC A13
bbc_a_14,BBC A14
bbc_a_15,BBC A15
bbc_a_16,BBC A16
bbc_a_17,BBC A17
bbc_a_18,BBC A18
bbc_a_19,BBC A19
bbc_a_20,
bbc_b_1,BBC B01
bbc_b_2,BBC B02
bbc_b_3,BBC B03
bbc_b_4,BBC B04
bbc_b_5,BBC B05
bbc_b_6,BBC B06
bbc_b_7,BBC B07
bbc_b_8,BBC B08
bbc_b_9,BBC B09
bbc_b_10,BBC B10
bbc_b_11,BBC B11
bbc_b_12,BBC B12
bbc_b_13,BBC B13
bbc_b_14,BBC B14
bbc_b_15,BBC B15
bbc_b_16,BBC B16
bbc_b_17,BBC B17
bbc_b_18,BBC B18
bbc_b_19,BBC B19
bbc_b_20,BBC B20
bbc_c_1,
bbc_c_2,BBC C02
bbc_c_3,BBC C03
bbc_c_4,BBC C04
bbc_c_5,BBC C05
bbc_c_6,BBC C06
bbc_c_7,BBC C07
bbc_c_8,BBC C08
bbc_c_9,BBC C09
bbc_c_10,
bbc_c_11,
bbc_c_12,
bbc_c_13,
bbc_c_14,
bbc_c_15,
bbc_c_16,
cs_1_s_7,
cs_1_s_8,
cs_1_s_8_,
cs_1_s_9a,
cs_1_s_9b,
cs_1_s_10a,CS S10B
cs_1_s_10b,CS S10A
cs_2_s_11,
cs_2_s_12,
cs_2_s_13,
cs_2_s_14a,CS S14A
cs_2_s_14b,CS S14B
cs_2_s_15a,CS S15A
cs_2_s_15b,CS S15B
cs_2_a_1,CS A01
cs_2_a_2a,CS A02A
cs_2_a_2b,CS A02B
cs_2_a_3,CS A03
cs_2_a_4,CS A04
cs_2_a_5,CS A05
cs_2_a_6a,CS A06A
cs_2_a_6b,CS A06B
boho_a_1,BH A01
boho_a_2,BH A02
boho_a_3,BH A03
boho_a_4,BH A04
boho_a_5,BH A05
boho_a_6,BH A06
boho_a_7,BH A07
boho_a_8,BH A08
boho_a_9,BH A09
boho_a_10,BH A10
boho_a_11,BH A11
boho_a_12,BH A12
boho_b_1,BH B01
boho_b_2,BH B02
boho_b_3,BH B03
boho_b_4,BH B04
boho_b_5,BH B05
boho_b_6,BH B06
boho_b_7,BH B07
boho_b_8,BH B08
boho_b_9,BH B09
boho_b_10,BH B10
boho_b_11,BH B11
boho_b_12,BH B12
boho_c_1,BH C01
boho_c_2,BH C02
boho_c_3,BH C03
boho_c_4,BH C04
boho_c_5,BH C05
boho_c_6,BH C06
boho_c_7,BH C07
boho_c_8,BH C08
boho_c_9,BH C09
boho_c_10,BH C10
boho_c_11,BH C11
boho_c_12,BH C12
new_build_a_1,WF A01
new_build_a_2,WF A02
new_build_a_3,WF A03
new_build_a_4,WF A04
new_build_a_5,WF A05
new_build_a_6,WF A06
new_build_a_7,WF A07
new_build_a_8,WF A08
new_build_a_9,WF A09
new_build_a_10,WF A10
new_build_e_1,WF E01
new_build_e_2,WF E02
new_build_e_3,WF E03
new_build_e_4,WF E04
new_build_e_5,WF E05
new_build_e_6,WF E06
new_build_e_7,WF E07
new_build_e_8,WF E08
new_build_e_9,WF E09
new_build_e_10,WF E10
new_build_f_1,WF F01
new_build_f_2,WF F02
new_build_f_3,WF F03
new_build_f_4,WF F04
new_build_f_5,WF F05
new_build_f_6,WF F06
new_build_f_7,WF F07
new_build_f_8,WF F08
new_build_f_9,WF F09
new_build_f_10,WF F10
new_build_f_11,WF F11
new_build_g_1,WF G01
new_build_g_2,WF G02
new_build_g_3,WF G03
new_build_g_4,WF G04
new_build_g_5,WF G05
new_build_g_6,WF G06
new_build_g_7,WF G07
new_build_g_8,WF G08
new_build_h_1,WF H01
new_build_h_2,WF H02
new_build_h_3,WF H03
new_build_h_4,WF H04
new_build_h_5,WF H05
new_build_h_6,WF H06
new_build_h_7,WF H07
new_build_h_8,WF H08
new_build_h_9,WF H09
new_build_i_1,
new_build_i_2,
new_build_i_3,
new_build_i_4,
new_build_i_5,
new_build_i_6,
new_build_i_7,
new_build_i_8,
new_build_i_9,
new_build_i_10,
new_build_i_11,
new_build_j_1,
new_build_j_2,
new_build_j_3,
new_build_j_4,
new_build_j_5,
new_build_j_6,
new_build_j_7,
new_build_j_8,
new_build_j_9,
new_build_j_10,
new_build_k_1,WF K01
new_build_k_2,WF K02
new_build_k_3,WF K03
new_build_k_4,WF K04
new_build_k_5,WF K05
new_build_k_6,WF K06
new_build_k_7,WF K07
new_build_k_8,WF K08
new_build_k_9,WF K09
new_build_k_10,WF K10
new_build_l_1,WF L01
new_build_l_2,WF L02
new_build_l_3,WF L03
new_build_l_4,WF L04
new_build_l_5,WF L05
new_build_l_6,WF L06
new_build_l_7,WF L07
new_build_l_8,WF L08
new_build_l_9,WF L09
new_build_l_10,WF L10
new_build_l_11,WF L11
new_build_m_1,
new_build_m_2,
new_build_m_3,
new_build_m_4,
new_build_m_5,
new_build_m_6,
new_build_m_7,
new_build_m_8,
new_build_n_1,
new_build_n_2,
new_build_n_3,
new_build_n_4,
new_build_n_5,
new_build_n_6,
new_build_n_7,
new_build_n_8,
new_build_n_9,
new_build_o_1,WF O01
new_build_o_2,WF O02
new_build_o_3,WF O03
new_build_o_4,WF O04
new_build_o_5,WF O05
new_build_o_6,WF O06
new_build_o_7,WF O07
new_build_o_8,WF O08
new_build_o_9,WF O09
new_build_o_10,WF O10
new_build_o_11,WF O11
new_build_p_1,WF P01
new_build_p_2,WF P02
new_build_p_3,WF P03
new_build_p_4,WF P04
new_build_p_5,WF P05
new_build_p_6,WF P06
new_build_p_7,WF P07
new_build_p_8,WF P08
new_build_p_9,WF P09
new_build_p_10,WF P10
wyng_a_1,WG A01
wyng_a_2,WG A02
wyng_a_3,WG A03
wyng_a_4,WG A04
wyng_a_5,WG A05
wyng_a_6,WG A06
wyng_a_7,WG A07
wyng_a_8,WG A08
wyng_a_9,WG A09
wyng_a_10,WG A10
wyng_a_11,WG A11
wyng_a_12,WG A12
wyng_a_13,WG A13
wyng_a_14,WG A14
wyng_a_15,WG A15
wyng_a_16,WG A16
wyng_b_1,WG B01
wyng_b_2,WG B02
wyng_b_3,WG B03
wyng_b_4,WG B04
wyng_b_5,WG B05
wyng_b_6,WG B06
wyng_b_7,WG B07
wyng_b_8,WG B08
wyng_b_9,WG B09
wyng_b_10,WG B10
wyng_b_11,WG B11
wyng_b_12,WG B12
wyng_b_13,WG B13
wyng_b_14,WG B14
wyng_b_15,WG B15
wyng_b_16,WG B16
wyng_b_17,WG B17
wyng_b_18,WG B18
wyng_b_19,WG B19
wyng_b_20,WG B20
wyng_c_1,WG C01
wyng_c_2,WG C02
wyng_c_3,WG C03
wyng_c_4,WG C04
wyng_c_5,WG C05
wyng_c_6,WG C06
wyng_c_7,WG C07
wyng_c_8,WG C08
wyng_c_9,WG C09
wyng_c_10,WG C10
wyng_c_11,WG C11
wyng_c_12,WG C12
wyng_c_13,WG C13
wyng_c_14,WG C14
wyng_c_15,WG C15
wyng_c_16,WG C16
wyng_c_17,WG C17
wyng_c_18,WG C18
wyng_c_19,WG C19
wyng_c_20,WG C20
wyng_d_1,WG D01
wyng_d_2,WG D02
wyng_d_3,WG D03
wyng_d_4,WG D04
wyng_d_5,WG D05
wyng_d_6,WG D06
wyng_d_7,WG D07
wyng_d_8,WG D08
wyng_d_9,WG D09
wyng_d_10,WG D10
wyng_d_11,WG D11
wyng_d_12,WG D12
wyng_d_13,WG D13
wyng_d_14,WG D14
wyng_d_15,WG D15
wyng_d_16,WG D16
coote_1,CH 01
coote_2,CH 02
coote_3,CH 03
coote_4,CH 04
coote_5,CH 05
