bbc_a_1,BBC A01
bbc_a_2,BBC A02
bbc_a_3,BBC A03
bbc_a_4,BBC A04
bbc_a_5,BBC A05
bbc_a_6,BBC A06
bbc_a_7,BBC A07
bbc_a_8,BBC A08
bbc_a_9,BBC A09
bbc_a_10,BBC A10
bbc_a_11,BBC A11
bbc_a_12,BBC A12
bbc_a_13,BBC A13
bbc_a_14,BBC A14
bbc_a_15,BBC A15
bbc_a_16,BBC A16
bbc_a_17,BBC A17
bbc_a_18,BBC A18
bbc_a_19,BBC A19
bbc_a_20,
bbc_b_1,BBC B01
bbc_b_2,BBC B02
bbc_b_3,BBC B03
bbc_b_4,BBC B04
bbc_b_5,BBC B05
bbc_b_6,BBC B06
bbc_b_7,BBC B07
bbc_b_8,BBC B08
bbc_b_9,BBC B09
bbc_b_10,BBC B10
bbc_b_11,BBC B11
bbc_b_12,BBC B12
bbc_b_13,BBC B13
bbc_b_14,BBC B14
bbc_b_15,BBC B15
bbc_b_16,BBC B16
bbc_b_17,BBC B17
bbc_b_18,BBC B18
bbc_b_19,BBC B19
bbc_b_20,BBC B20
bbc_c_1,
bbc_c_2,BBC C02
bbc_c_3,BBC C03
bbc_c_4,BBC C04
bbc_c_5,BBC C05
bbc_c_6,BBC C06
bbc_c_7,BBC C07
bbc_c_8,BBC C08
bbc_c_9,BBC C09
bbc_c_10,
bbc_c_11,
bbc_c_12,
bbc_c_13,
bbc_c_14,
bbc_c_15,
bbc_c_16,
